"name","mz","rt","MS2.spectrum.name","Candidate.number","Level","Compound.name","CAS.ID","HMDB.ID","KEGG.ID","Lab.ID","Adduct","mz.error","mz.match.score","RT.error","RT.match.score","CE","SS","Total.score","Database"
"M509T667_NEG",509.2749669,667.3226929,"mz509.276732093083rt695.78748",1,2,"1-Oleoyl-2-hydroxy-sn-glycero-3-phospho-(1'-rac-glycerol)","401810-51-3",NA,NA,"NO06894","(M-H)-",23.1071,0.6523655,NA,NA,"20",0.5306274,0.5762792,"orbitrapDatabase0.0.1"
"M463T603_NEG",463.1966661,603.3199463,"mz463.197064827651rt546.628638",1,2,"Estriol-16-Glucuronide","1852-50-2","HMDB06766",NA,"n02538","(M-H)-",0.5724828,0.9997378,NA,NA,"50",0.8232994,0.8894638,"nistDatabase0.0.1"
"M417T327_NEG",417.1584447,327.0216064,"mz417.160583496094rt359.25072",1,2,"Nimodipine","66085-59-4",NA,"C07267","M0103","(M-H)-",14.66223,0.841992,NA,NA,"20",0.4011145,0.5664436,"metlinDatabase0.0.1"
"M632T95_NEG",632.2036021,94.73618317,"mz632.206121904217rt109.084896",1,2,"3'-Sialyllactose","35890-38-1",NA,NA,"NO07912","(M-H)-",2.88182,0.9933781,NA,NA,"25",0.4878037,0.6773941,"orbitrapDatabase0.0.1"
"M673T102_NEG",673.2305091,102.4091949,"mz673.230452888345rt100.608894",1,2,"6'-Sialyl-N-acetyllactosamine","78969-47-8",NA,NA,"NO07981","(M-H)-",0.6641287,0.9996472,NA,NA,"40",0.7199145,0.8248143,"orbitrapDatabase0.0.1"
"M586T552_NEG",586.2321457,552.1437073,"mz586.234112736549rt598.554444",1,2,"[DAla2,DMet5] Enkephalin",NA,"METPA0001",NA,"NO07151","(M-H)-",0.02172605,0.9999996,NA,NA,"35",0.4730871,0.6706793,"orbitrapDatabase0.0.1"
"M521T628_NEG",521.2381542,628.3130493,"mz521.240213914035rt585.439668",1,1,"Tetrahydroaldosterone-3-glucuronide(2)","20605-81-6","HMDB10357",NA,"RPLC_645","(M-H2O-H)-",2.664633,0.9943359,56.08134,0.8235401,"NCE25",0.513749,0.7113435,"msDatabase_rplc0.0.1"
"M138T710_POS",138.0550426,710.0646973,"mz138.05479452754rt719.41596",1,2,"3-Acetoxypyridine","17747-43-2",NA,NA,"NO07604","(M+H)+",0.5136811,0.9997889,NA,NA,"5",0.6351042,0.771861,"orbitrapDatabase0.0.1"
"M318T812_POS",318.3000776,812.4363403,"mz318.300089642544rt809.19816",1,2,"Phytosphingosine","554-62-1","HMDB04610",NA,"L0377","(M+H)+",0.5008936,0.9997993,NA,NA,"40",0.8154513,0.8845818,"nistDatabase0.0.1"
"M475T723_POS",475.2685945,722.7062988,"mz475.269005710768rt685.22844",1,2,"Dihydrotachysterol","67-96-9","HMDB15203",NA,"L0404","(M-H+2K)+",10.44522,0.9164185,NA,NA,"45",0.4908315,0.6504266,"nistDatabase0.0.1"
"M204T165_POS",204.141789,165.3064423,"mz204.141876220703rt116.655462",1,2,"Lys-Gly","3/3/7563",NA,NA,"NO01223","(M+H)+",18.94055,0.750515,NA,NA,"10",0.4048022,0.5344445,"orbitrapDatabase0.0.1"
"M600T629_NEG",600.2845422,628.9818726,"mz600.284674496946rt625.99308",1,2,"Gly-Arg-Gly-Glu-Ser-Pro","99896-88-5",NA,NA,"NO07825","(M-H)-",16.61628,0.8018124,NA,NA,"30",0.6459225,0.7043812,"orbitrapDatabase0.0.1"
"M85T320_POS",85.02852404,320.0405884,"mz85.028537938851rt315.811416",1,2,"3-Butynoic acid","2345-51-9",NA,NA,"S0373","(M+H)+",0.2698471,0.9999417,NA,NA,"10",0.534233,0.7088738,"nistDatabase0.0.1"
"M141T552_NEG",141.0918652,552.4493713,"mz141.091856372698rt548.22339",1,2,"trans-2-Octenoic acid","1871-67-6","HMDB01568",NA,"S0300","(M-H)-",0.5590683,0.99975,NA,NA,"10",0.5846747,0.7403279,"nistDatabase0.0.1"
"M447T626_NEG",447.2026303,626.2453003,"mz447.204115618052rt634.76496",1,2,"17-beta-Estradiol-3-glucuronide","15270-30-1","HMDB06224",NA,"n02463","(M-H)-",3.791598,0.9885649,NA,NA,"30",0.7485091,0.83853,"nistDatabase0.0.1"
"M507T669_POS",507.2590245,669.0300903,"mz507.258715327796rt690.69372",1,2,"11.alpha.-Hydroxyprogesterone .beta.-D-glucuronide","77710-64-6",NA,NA,"NO06864","(M+H)+",0.3640592,0.999894,NA,NA,"25",0.7260984,0.8287718,"orbitrapDatabase0.0.1"
"M445T687_NEG",445.189122,686.7956543,"mz445.188056356115rt649.40784",1,2,"Estrone 3-glucuronide",NA,NA,"C11133","M0777","(M-H)-",2.82208,0.9936489,NA,NA,"50",0.7717922,0.8549885,"metlinDatabase0.0.1"
"M253T581_POS",253.1543243,580.8012695,"mz253.158660888672rt547.167294",1,2,"Estrone","53-16-7","HMDB00145","C00468","shen_341_HMDB00145","(M+H-H2O)+",0.04764832,0.9999982,NA,NA,"Unknown_3",0.6772943,0.7983083,"hmdbDatabase0.0.1"
"M81T663_POS",81.06985863,663.3360596,"mz81.070006706662rt697.46472",1,2,"4-Methylvaleric acid","646-07-1",NA,NA,"MONA_18409","(M+H-2H2O)+",0.4427067,0.9998432,NA,NA,"10",0.4466239,0.6540811,"monaDatabase0.0.1"
"M513T492_NEG",513.2248597,492.0265503,"mz513.235798260067rt498.746196",1,2,"Telmisartan","144701-48-4","HMDB15101","C07710","shen_4143_HMDB15101","(M-H)-",12.12315,0.8890723,NA,NA,"Unknown_2",0.4751888,0.6303951,"hmdbDatabase0.0.1"
"M477T647_POS",477.2626416,647.2786865,"mz477.265064390966rt652.6881",1,2,"Palmityl-L-carnitine","2364-67-2",NA,"C02990","M1670","(M-H+2K)+",6.839786,0.9632656,NA,NA,"50",0.6088243,0.7417398,"metlinDatabase0.0.1"
"M172T488_NEG",172.0975308,488.1364441,"mz172.097667870774rt500.287362",1,2,"Acetyl-DL-Leucine","99-15-0",NA,NA,"L0046","(M-H)-",0.5553231,0.9997533,NA,NA,"30",0.7059827,0.8161467,"nistDatabase0.0.1"
"M545T531_POS",545.2355175,530.9396667,"mz545.238455676446rt545.540958",1,2,"10-Deacetylbaccatin III","32981-86-5",NA,NA,"NO07011","(M+H)+",0.4689259,0.9998241,NA,NA,"5",0.4034559,0.627094,"orbitrapDatabase0.0.1"
"M349T661_NEG",349.1110482,661.2067261,"mz349.111304712087rt656.04642",1,2,"Estrone 3-sulfate","481-97-0","HMDB01425",NA,"L0370","(M-H)-",0.4882198,0.9998093,NA,NA,"15",0.7210022,0.8255549,"nistDatabase0.0.1"
"M227T437_POS",227.0846882,436.7868958,"mz227.081096103594rt460.02603",1,2,"D-Biotin","58-85-5","HMDB00030",NA,"L0014","(M+H-H2O)+",9.434741,0.9312649,NA,NA,"25",0.597563,0.7227012,"nistDatabase0.0.1"
"M364T618_POS",364.1963162,618.2891235,"mz364.196515867736rt610.36794",1,2,"N-((3s,5s,7s)-Adamantan-1-yl)-1-(5-chloropentyl)-1H-indazole-3-carboxamide",NA,"METPA0001",NA,"NO05963","(M+H-2H2O)+",6.789669,0.9637921,NA,NA,"60",0.4357969,0.6337951,"orbitrapDatabase0.0.1"
"M519T785_POS",519.2925053,784.8671265,"mz519.292553644283rt798.82308",1,2,"Uvaol","545-46-0","HMDB02391",NA,"n02438","(M-H+2K)+",14.68605,0.8415212,NA,NA,"55",0.4983305,0.627027,"nistDatabase0.0.1"
"M199T548_POS",199.0940582,548.0892334,"mz199.096660178512rt546.49302",1,2,"4-Hydroxynonenal alkyne","1011268-23-7",NA,NA,"NO00041","(M+HCOO+2H)+",0.4004463,0.9998717,NA,NA,"10",0.6171347,0.7606611,"orbitrapDatabase0.0.1"
"M450T584_NEG",450.176918,584.3045044,"mz450.176605885573rt592.86828",1,2,"4-Hydroxypropranolol .beta.-D-glucuronide","94731-13-2",NA,NA,"NO06576","(M-H)-",0.6533312,0.9996586,NA,NA,"20",0.6229671,0.7642264,"orbitrapDatabase0.0.1"
"M494T630_POS",494.2383721,629.9463501,"mz494.240980093367rt652.95546",1,2,"Oleoyl dopamine","105955-11-1",NA,"C12272","M0829","(M-H+2K)+",4.896208,0.9810045,NA,NA,"50",0.4912807,0.6749271,"metlinDatabase0.0.1"
"M162T260_POS",162.0584859,259.6130371,"mz162.05816697459rt265.067634",1,2,"4-Hydroxymethylimidazole","822-55-9",NA,"C05562","MONA_2161","(M+CH3CN+Na)+",14.11459,0.8526745,NA,NA,"30",0.5099005,0.6384408,"monaDatabase0.0.1"
"M72T373_POS",72.08080277,373.4211426,"mz72.080955652193rt392.227716",1,2,"Pyrrolidine","123-75-1","HMDB31641",NA,"n00006","(M+H)+",0.3891305,0.9998789,NA,NA,"40",0.4067175,0.629153,"nistDatabase0.0.1"
"M89T119_NEG",89.01818199,119.2702255,"mz89.018180847168rt117.988218",1,2,"3-Hydroxypropionic acid (beta-lactic acid)","503-66-2","HMDB00700",NA,"L0205","(M-H)-",15.52288,0.8246734,NA,NA,"10",0.7440835,0.7743047,"nistDatabase0.0.1"
"M233T413_NEG",232.9923613,413.3981171,"mz232.992430377556rt392.642772",1,2,"Riluzole",NA,NA,NA,"MONA_17449","(M-H)-",19.34516,0.7412717,NA,NA,"35",0.4162607,0.5381398,"monaDatabase0.0.1"
"M468T808_NEG",468.2677163,807.7964172,"mz468.269836425781rt820.59366",1,2,"19-Norandrosterone glucuronide","294213-86-8",NA,NA,"NO06583","(M+NH4-2H)-",20.36524,0.7176349,NA,NA,"40",0.4423027,0.5455523,"orbitrapDatabase0.0.1"
"M269T374_NEG",269.0661536,373.6358337,"mz269.066313486025rt362.69817",1,2,"Phenyl glucuronide","17685-05-1",NA,NA,"NO02755","(M-H)-",0.9662849,0.9992533,NA,NA,"25",0.7954698,0.8718886,"orbitrapDatabase0.0.1"
"M379T681_POS",379.2109906,680.952179,"mz379.211186781089rt657.81048",1,2,"6-beta-Hydroxycortisol","53-35-0",NA,NA,"MONA_18696","(M+H)+",0.8797473,0.999381,NA,NA,"20 % (nominal)",0.436048,0.6472979,"monaDatabase0.0.1"
"M213T725_POS",213.1486405,725.0325317,"mz213.145646992591rt692.50668",1,2,"Atipamezole","104054-27-5",NA,NA,"NO01460","(M+H)+",17.61748,0.7801255,NA,NA,"25",0.4621633,0.5813991,"orbitrapDatabase0.0.1"
"M271T525_NEG",271.0729156,524.5414429,"mz271.073253831058rt474.833478",1,2,"Arbutin","497-76-7","HMDB29943",NA,"S0273","(M-H)-",22.64042,0.6636031,NA,NA,"10",0.4478935,0.5287846,"nistDatabase0.0.1"
"M175T132_NEG",175.0244927,132.1693115,"mz175.024429321289rt96.625542",1,2,"Vitamin C","50-81-7","HMDB00044","C00072","NO00571","(M-H)-",0.9266968,0.9993132,NA,NA,"15",0.732262,0.8324062,"orbitrapDatabase0.0.1"
"M618T657_NEG",618.2945889,656.713501,"mz618.295044036043rt642.74832",1,2,"Parathyroid Hormone Related Peptide (107-111)",NA,"METPA0001",NA,"NO07872","(M-H)-",8.824208,0.9396072,NA,NA,"30",0.631352,0.7469477,"orbitrapDatabase0.0.1"
"M167T489_POS",167.0705831,488.8953552,"mz167.070439116179rt488.343624",1,2,"3,4-Dimethoxybenzaldehyde",NA,NA,NA,"MONA_14591","(M+H)+",0.3623404,0.999895,NA,NA,"HCD (NCE 20-30-40%)",0.4955715,0.6846928,"monaDatabase0.0.1"
"M409T575_POS",409.152415,574.5062256,"mz409.148327638335rt579.586332",1,2,"Ginkgolide A","15291-75-5","HMDB36862","C07601","shen_5287_HMDB36862","(M+H)+",2.455656,0.9951874,NA,NA,"Unknown_6",0.5030637,0.6876101,"hmdbDatabase0.0.1"
"M152T299_NEG",152.0349114,298.8181305,"mz152.035154715397rt316.114962",1,2,"3-Hydroxyanthranilic acid","548-93-6","HMDB01476","C00632","shen_1944_HMDB01476","(M-H)-",0.345949,0.9999043,NA,NA,"Unknown_1",0.7241857,0.8275802,"hmdbDatabase0.0.1"
"M413T690_NEG",413.1996872,689.9429932,"mz413.201559919742rt710.83818",1,2,"5.alpha.-Pregnan-3.alpha.,17-diol-20-one 3-sulfate",NA,"METPA0001",NA,"NO06143","(M-H)-",3.049165,0.9925897,NA,NA,"45",0.7101448,0.8160616,"orbitrapDatabase0.0.1"
